YEAR,All
1990,1392.1
1991,1033.2
1992,1026.05
1993,1100.6
1994,1418.65
1995,1196.3000000000002
1996,1096.3000000000002
1997,1137.8
1998,1162.65
1999,1147.25
2000,1068.4
2001,1000.55
2002,914.65
2003,1128.55
2004,1017.65
2005,1267.85
2006,1197.25
2007,1133.1
2008,1111.35
2009,928.5
2010,1107.5500000000002
2011,1075.65
2012,1034.7
2013,1232.75
2014,966.8
2015,1064.4499999999998
